{"coverage": 90.75081610446136, "raw_data": {"meta": {"version": "7.3.1", "timestamp": "2023-09-10T20:06:07.410978", "branch_coverage": true, "show_contexts": false}, "files": {"src/slurmmail/__init__.py": {"executed_lines": [24, 28, 30, 31, 32, 35, 38, 39, 40, 41, 44, 45, 46, 47], "summary": {"covered_lines": 14, "num_statements": 14, "percent_covered": 100.0, "percent_covered_display": "100", "missing_lines": 0, "excluded_lines": 0, "num_branches": 0, "num_partial_branches": 0, "covered_branches": 0, "missing_branches": 0}, "missing_lines": [], "excluded_lines": [], "executed_branches": [], "missing_branches": []}, "src/slurmmail/cli.py": {"executed_lines": [26, 38, 39, 40, 41, 42, 43, 44, 45, 46, 47, 48, 49, 50, 52, 53, 54, 55, 56, 58, 59, 70, 73, 75, 79, 80, 81, 82, 83, 84, 85, 86, 87, 88, 89, 90, 91, 92, 93, 94, 97, 105, 106, 107, 108, 110, 111, 113, 115, 116, 117, 118, 121, 126, 127, 128, 129, 130, 131, 132, 134, 135, 136, 137, 138, 140, 141, 142, 143, 145, 147, 149, 150, 151, 153, 155, 167, 171, 195, 196, 199, 202, 203, 204, 205, 206, 208, 209, 210, 211, 212, 215, 216, 217, 219, 221, 230, 231, 233, 236, 237, 238, 244, 246, 247, 248, 249, 250, 251, 252, 253, 257, 270, 273, 276, 277, 278, 279, 280, 285, 286, 287, 289, 290, 292, 293, 294, 295, 300, 302, 303, 304, 305, 306, 307, 312, 313, 320, 324, 325, 326, 327, 331, 336, 337, 340, 341, 345, 346, 347, 348, 349, 351, 352, 354, 364, 368, 369, 370, 395, 396, 397, 399, 400, 401, 402, 404, 405, 413, 423, 424, 432, 433, 434, 435, 437, 439, 444, 447, 448, 450, 457, 467, 468, 470, 471, 472, 475, 487, 490, 502, 503, 524, 525, 526, 527, 528, 529, 540, 562, 565, 567, 568, 571, 572, 573, 574, 575, 576, 586, 590, 593, 602, 605, 612, 613, 615, 617, 618, 619, 621, 622, 623, 624, 625, 626, 627, 628, 629, 630, 631, 632, 633, 634, 636, 637, 639, 640, 643, 644, 645, 646, 647, 648, 650, 651, 653, 654, 656, 657, 660, 661, 662, 663, 664, 665, 666, 667, 668, 669, 670, 671, 672, 673, 674, 676, 677, 678, 681, 682, 683, 684, 687, 693, 695, 696, 697, 698, 700, 701, 706, 708, 709, 710, 711, 712, 714, 715, 716, 717, 720, 722, 725, 726, 727, 731, 735, 736, 737, 738, 742, 743, 749, 759, 760, 762, 763, 764, 765, 766, 767, 768, 769, 770, 771, 772, 774, 775, 777, 778, 779, 781, 787, 789, 792, 793, 794, 795, 796, 797, 805, 806, 807, 809, 816, 817, 818, 820, 821, 822, 823, 824, 825, 826, 827, 829, 830, 831, 832, 834, 841, 844, 845, 846, 847, 848], "summary": {"covered_lines": 355, "num_statements": 392, "percent_covered": 88.33652007648183, "percent_covered_display": "88", "missing_lines": 37, "excluded_lines": 0, "num_branches": 131, "num_partial_branches": 20, "covered_branches": 107, "missing_branches": 24}, "missing_lines": [213, 234, 258, 260, 261, 265, 266, 271, 272, 318, 339, 343, 355, 362, 409, 436, 458, 515, 516, 541, 542, 543, 551, 552, 553, 563, 655, 679, 685, 688, 689, 739, 740, 744, 745, 746, 790], "excluded_lines": [], "executed_branches": [[106, 107], [106, 111], [107, 108], [107, 110], [116, 117], [116, 118], [126, -121], [126, 127], [126, 134], [134, 135], [134, 140], [135, 134], [135, 136], [147, 149], [147, 153], [155, 155], [155, 167], [155, 171], [203, 204], [203, 208], [210, 211], [210, 351], [212, 215], [216, 217], [216, 219], [219, 221], [219, 233], [221, 210], [221, 221], [221, 230], [221, 231], [233, 236], [237, 238], [237, 244], [257, 270], [270, 273], [276, 277], [289, 290], [289, 292], [302, 303], [302, 320], [313, 313], [313, 320], [320, 324], [320, 348], [326, 327], [326, 345], [336, 337], [340, 341], [351, 352], [351, 354], [354, 364], [364, 368], [364, 590], [400, 401], [400, 432], [401, 402], [401, 423], [404, 405], [432, 433], [432, 524], [433, 434], [435, 437], [439, 439], [439, 444], [439, 470], [457, 467], [470, 471], [470, 502], [471, 472], [471, 487], [524, 525], [562, 565], [636, 637], [636, 639], [650, 651], [650, 653], [654, 656], [676, 677], [684, 687], [687, 693], [700, 701], [700, 706], [708, -593], [708, 709], [711, 712], [711, 722], [722, 725], [722, 742], [726, 727], [726, 731], [735, 736], [735, 737], [737, 738], [737, 742], [766, 767], [766, 768], [778, 779], [778, 781], [789, 792], [796, 797], [796, 809], [805, 806], [805, 807], [816, 817], [816, 818], [823, 824], [823, 825], [826, 827], [826, 829], [845, -749], [845, 846], [845, 847]], "missing_branches": [[212, 213], [233, 234], [257, 258], [270, 271], [276, 285], [313, 318], [336, 339], [340, 343], [354, 355], [404, 409], [433, 515], [435, 436], [457, 458], [524, 541], [541, 542], [541, 551], [551, 552], [551, 562], [562, 563], [654, 655], [676, 681], [684, 685], [687, 688], [789, 790]]}, "src/slurmmail/common.py": {"executed_lines": [26, 30, 31, 32, 33, 34, 35, 36, 38, 41, 46, 47, 49, 50, 53, 57, 58, 61, 65, 66, 69, 73, 74, 75, 78, 82, 83, 86, 92, 93, 94, 95, 96, 97, 98, 104, 105, 106, 107, 108, 109, 110, 111, 112, 113, 114, 117, 122, 123, 124, 125, 126, 129, 133, 136, 137, 138, 139, 140, 141, 142, 143, 144, 145, 146, 147, 148, 149, 152, 157, 158, 161, 162, 165, 169, 170, 173, 174, 175, 176, 177, 178, 179, 181, 182, 183, 187, 188, 189, 190, 191], "summary": {"covered_lines": 91, "num_statements": 91, "percent_covered": 100.0, "percent_covered_display": "100", "missing_lines": 0, "excluded_lines": 0, "num_branches": 38, "num_partial_branches": 0, "covered_branches": 38, "missing_branches": 0}, "missing_lines": [], "excluded_lines": [], "executed_branches": [[46, 47], [46, 49], [49, -41], [49, 50], [57, -53], [57, 58], [82, -78], [82, 83], [92, 93], [92, 94], [105, 106], [105, 107], [107, 108], [107, 109], [109, 110], [109, 111], [111, 112], [111, 113], [122, 123], [122, 126], [123, 124], [123, 125], [137, 138], [137, 139], [141, 142], [141, 143], [145, 146], [145, 149], [147, 148], [147, 149], [158, -152], [158, 158], [158, 161], [169, 170], [169, 175], [176, 177], [176, 181], [176, 190], [182, 183], [182, 189]], "missing_branches": []}, "src/slurmmail/slurm.py": {"executed_lines": [26, 30, 31, 33, 34, 36, 39, 44, 45, 46, 47, 48, 49, 50, 51, 52, 55, 56, 61, 66, 69, 71, 75, 78, 79, 80, 81, 82, 83, 84, 85, 86, 88, 89, 90, 91, 92, 93, 94, 95, 96, 97, 98, 99, 100, 101, 102, 103, 104, 105, 107, 108, 112, 113, 114, 116, 117, 118, 119, 120, 122, 123, 124, 126, 127, 128, 130, 131, 132, 133, 134, 136, 137, 138, 139, 140, 142, 143, 144, 146, 147, 148, 150, 151, 152, 153, 154, 156, 157, 158, 160, 161, 162, 163, 164, 166, 167, 168, 169, 171, 173, 174, 175, 176, 177, 179, 180, 181, 183, 184, 185, 187, 188, 189, 191, 192, 193, 194, 196, 198, 199, 200, 201, 202, 204, 205, 206, 207, 208, 210, 211, 212, 214, 215, 216, 218, 219, 220, 221, 222, 224, 225, 226, 227, 228, 229, 230, 234, 235, 237, 243, 244, 245, 246, 247, 248, 250, 251, 252, 253, 256, 261, 262, 266, 267], "summary": {"covered_lines": 163, "num_statements": 163, "percent_covered": 90.51383399209486, "percent_covered_display": "91", "missing_lines": 0, "excluded_lines": 0, "num_branches": 90, "num_partial_branches": 24, "covered_branches": 66, "missing_branches": 24}, "missing_lines": [], "excluded_lines": [], "executed_branches": [[47, 48], [47, 49], [49, 50], [49, 52], [50, 49], [50, 51], [113, 116], [117, 122], [118, 119], [118, 120], [123, 126], [127, 130], [131, 136], [132, 133], [132, 134], [137, 142], [138, 139], [138, 140], [143, 146], [147, 150], [151, 156], [152, 153], [152, 154], [157, 160], [161, 166], [162, 163], [162, 164], [167, 173], [168, 169], [168, 171], [174, 179], [175, 176], [175, 177], [180, 183], [184, 187], [188, 191], [192, 198], [193, 194], [193, 196], [199, 204], [200, 201], [200, 202], [205, 210], [206, 207], [206, 208], [211, 214], [215, 218], [219, 224], [220, 221], [220, 222], [225, 234], [226, 227], [226, 228], [228, 229], [228, 230], [243, 244], [243, 245], [245, 246], [245, 247], [247, 248], [247, 250], [250, -237], [250, 251], [252, 253], [252, 256], [256, 256], [256, 261]],