{"coverage": 94.21265141318977, "raw_data": {"meta": {"format": 2, "version": "7.5.3", "timestamp": "2024-06-12T20:24:27.130305", "branch_coverage": true, "show_contexts": false}, "files": {"src/slurmmail/__init__.py": {"executed_lines": [24, 28, 30, 31, 32, 33, 34, 37, 40, 41, 42, 43, 46, 47, 48, 49], "summary": {"covered_lines": 15, "num_statements": 15, "percent_covered": 100.0, "percent_covered_display": "100", "missing_lines": 0, "excluded_lines": 0, "num_branches": 0, "num_partial_branches": 0, "covered_branches": 0, "missing_branches": 0}, "missing_lines": [], "excluded_lines": [], "executed_branches": [], "missing_branches": []}, "src/slurmmail/cli.py": {"executed_lines": [26, 38, 39, 40, 41, 42, 43, 44, 45, 46, 47, 48, 49, 50, 52, 53, 54, 55, 56, 58, 59, 70, 73, 75, 79, 80, 81, 82, 83, 84, 85, 86, 87, 88, 89, 90, 91, 92, 93, 94, 95, 96, 99, 107, 108, 109, 110, 112, 113, 115, 117, 118, 119, 120, 123, 128, 129, 130, 131, 132, 133, 134, 136, 137, 138, 139, 140, 142, 143, 144, 145, 147, 149, 151, 152, 153, 155, 157, 169, 173, 199, 200, 203, 206, 207, 208, 209, 210, 212, 213, 214, 215, 216, 217, 218, 220, 221, 222, 224, 225, 227, 236, 237, 239, 241, 242, 243, 245, 249, 250, 255, 262, 264, 265, 266, 267, 268, 269, 270, 271, 272, 273, 277, 278, 280, 281, 290, 291, 292, 293, 296, 297, 298, 305, 306, 307, 309, 310, 312, 313, 314, 315, 320, 322, 323, 324, 325, 326, 327, 332, 333, 340, 344, 345, 346, 347, 351, 356, 357, 359, 360, 361, 363, 365, 366, 367, 368, 369, 371, 372, 374, 384, 388, 389, 390, 416, 417, 443, 444, 445, 446, 447, 449, 450, 452, 453, 454, 455, 457, 458, 461, 472, 482, 490, 509, 510, 518, 519, 526, 527, 528, 529, 531, 532, 534, 539, 540, 543, 544, 546, 550, 555, 561, 571, 572, 574, 575, 576, 579, 590, 593, 604, 607, 618, 621, 631, 654, 655, 665, 666, 694, 695, 696, 697, 698, 699, 709, 710, 720, 721, 722, 723, 731, 732, 758, 761, 763, 764, 767, 768, 769, 770, 772, 773, 774, 784, 785, 788, 794, 795, 799, 801, 804, 813, 816, 823, 824, 826, 828, 829, 830, 831, 833, 834, 835, 836, 837, 838, 839, 840, 841, 842, 843, 844, 845, 846, 847, 848, 850, 851, 852, 853, 854, 855, 856, 857, 858, 859, 860, 861, 862, 863, 864, 865, 867, 868, 870, 871, 873, 874, 877, 878, 879, 880, 881, 882, 884, 885, 887, 888, 890, 891, 894, 895, 896, 898, 899, 901, 902, 903, 904, 905, 906, 907, 908, 909, 910, 911, 912, 913, 915, 916, 917, 920, 921, 922, 923, 926, 932, 934, 935, 936, 937, 939, 940, 945, 947, 948, 949, 950, 951, 953, 954, 955, 956, 959, 961, 964, 965, 966, 970, 974, 975, 976, 977, 981, 982, 988, 998, 999, 1001, 1002, 1003, 1004, 1005, 1006, 1007, 1008, 1009, 1010, 1011, 1013, 1014, 1016, 1017, 1018, 1020, 1026, 1028, 1031, 1032, 1033, 1034, 1035, 1036, 1044, 1045, 1046, 1048, 1055, 1056, 1057, 1059, 1060, 1061, 1062, 1063, 1064, 1065, 1066, 1068, 1069, 1070, 1071, 1073, 1080, 1083, 1084, 1085, 1086, 1087], "summary": {"covered_lines": 429, "num_statements": 472, "percent_covered": 89.62722852512155, "percent_covered_display": "90", "missing_lines": 43, "excluded_lines": 0, "num_branches": 145, "num_partial_branches": 19, "covered_branches": 124, "missing_branches": 21}, "missing_lines": [246, 247, 256, 285, 286, 299, 300, 338, 375, 382, 465, 468, 491, 492, 500, 501, 530, 562, 632, 633, 643, 644, 677, 678, 686, 687, 739, 740, 741, 749, 750, 759, 889, 918, 924, 927, 928, 978, 979, 983, 984, 985, 1029], "excluded_lines": [], "executed_branches": [[108, 109], [108, 113], [109, 110], [109, 112], [118, 119], [118, 120], [128, -123], [128, 129], [128, 136], [136, 137], [136, 142], [137, 136], [137, 138], [149, 151], [149, 155], [157, 157], [157, 169], [157, 173], [207, 208], [207, 212], [214, 215], [214, 371], [216, 217], [216, 220], [221, 222], [221, 224], [224, 225], [224, 239], [227, 214], [227, 227], [227, 236], [227, 237], [241, 242], [241, 245], [245, 249], [249, 250], [249, 255], [255, 262], [277, 278], [277, 290], [290, 291], [290, 293], [296, 297], [309, 310], [309, 312], [322, 323], [322, 340], [333, 333], [333, 340], [340, 344], [340, 368], [346, 347], [346, 365], [356, 357], [356, 359], [360, 361], [360, 363], [371, 372], [371, 374], [374, 384], [384, 388], [384, 801], [452, 453], [452, 526], [453, 454], [453, 490], [457, 458], [490, 509], [526, 527], [526, 694], [527, 528], [529, 531], [534, 534], [534, 539], [534, 574], [561, 571], [574, 575], [574, 631], [575, 576], [575, 604], [631, 654], [694, 695], [694, 721], [721, 722], [758, 761], [795, 384], [795, 799], [867, 868], [867, 870], [870, 871], [870, 873], [884, 885], [884, 887], [888, 890], [898, 899], [915, 916], [923, 926], [926, 932], [939, 940], [939, 945], [947, -804], [947, 948], [950, 951], [950, 961], [961, 964], [961, 981], [965, 966], [965, 970], [974, 975], [974, 976], [976, 977], [976, 981], [1005, 1006], [1005, 1007], [1017, 1018], [1017, 1020], [1028, 1031], [1035, 1036], [1035, 1048], [1044, 1045], [1044, 1046], [1055, 1056], [1055, 1057], [1062, 1063], [1062, 1064], [1065, 1066], [1065, 1068], [1084, -988], [1084, 1085], [1084, 1086]], "missing_branches": [[245, 246], [255, 256], [296, 305], [333, 338], [374, 375], [457, 465], [490, 491], [527, 677], [529, 530], [561, 562], [631, 632], [721, 739], [739, 740], [739, 758], [758, 759], [888, 889], [898, 901], [915, 920], [923, 924], [926, 927], [1028, 1029]]}, "src/slurmmail/common.py": {"executed_lines": [26, 30, 31, 32, 33, 34, 35, 36, 38, 41, 47, 48, 50, 51, 54, 58, 59, 62, 66, 67, 70, 74, 75, 76, 79, 83, 84, 87, 93, 94, 95, 96, 97, 98, 99, 105, 106, 107, 108, 109, 110, 111, 112, 113, 114, 115, 118, 123, 124, 125, 126, 127, 130, 134, 137, 138, 139, 140, 141, 142, 143, 144, 145, 146, 147, 148, 149, 150, 153, 158, 159, 162, 163, 166, 170, 171, 174, 175, 176, 177, 178, 179, 180, 182, 183, 184, 188, 189, 190, 191, 192], "summary": {"covered_lines": 90, "num_statements": 90, "percent_covered": 100.0, "percent_covered_display": "100", "missing_lines": 0, "excluded_lines": 0, "num_branches": 38, "num_partial_branches": 0, "covered_branches": 38, "missing_branches": 0}, "missing_lines": [], "excluded_lines": [], "executed_branches": [[47, 48], [47, 50], [50, -41], [50, 51], [58, -54], [58, 59], [83, -79], [83, 84], [93, 94], [93, 95], [106, 107], [106, 108], [108, 109], [108, 110], [110, 111], [110, 112], [112, 113], [112, 114], [123, 124], [123, 127], [124, 125], [124, 126], [138, 139], [138, 140], [142, 143], [142, 144], [146, 147], [146, 150], [148, 149], [148, 150], [159, -153], [159, 159], [159, 162], [170, 171], [170, 176], [177, 178], [177, 182], [177, 191], [183, 184], [183, 190]], "missing_branches": []}, "src/slurmmail/slurm.py": {"executed_lines": [26, 30, 31, 33, 34, 36, 39, 44, 45, 46, 47, 48, 49, 50, 51, 52, 55, 56, 61, 66, 69, 71, 75, 77, 83, 84, 85, 86, 87, 88, 89, 90, 91, 93, 94, 95, 96, 97, 98, 99, 100, 101, 102, 103, 104, 105, 106, 107, 108, 109, 110, 111, 112, 113, 115, 116, 120, 121, 122, 124, 125, 126, 127, 128, 130, 131, 132, 134, 135, 136, 138, 139, 140, 146, 147, 148, 149, 150, 152, 153, 154, 156, 157, 158, 160, 161, 162, 163, 164, 166, 167, 168, 170, 171, 172, 173, 174, 176, 177, 178, 179, 181, 183, 184, 185, 186, 187, 189, 190, 191, 193, 194, 195, 197, 198, 199, 201, 202, 203, 204, 206, 208, 209, 210, 211, 212, 214, 215, 216, 217, 218, 220, 221, 222, 224, 225, 226, 228, 229, 230, 231, 232, 234, 235, 236, 237, 238, 239, 240, 244, 245, 247, 248, 250, 256, 257, 258, 259, 260, 261, 263, 264, 265, 266, 269, 274, 275, 279, 280], "summary": {"covered_lines": 166, "num_statements": 166, "percent_covered": 99.60629921259843, "percent_covered_display": "99", "missing_lines": 0, "excluded_lines": 0, "num_branches": 88, "num_partial_branches": 1, "covered_branches": 87, "missing_branches": 1}, "missing_lines": [], "excluded_lines": [],