{"coverage": 90.77090119435397, "raw_data": {"meta": {"version": "7.3.2", "timestamp": "2023-11-23T23:20:07.250336", "branch_coverage": true, "show_contexts": false}, "files": {"src/slurmmail/__init__.py": {"executed_lines": [24, 28, 30, 31, 32, 35, 38, 39, 40, 41, 44, 45, 46, 47], "summary": {"covered_lines": 14, "num_statements": 14, "percent_covered": 100.0, "percent_covered_display": "100", "missing_lines": 0, "excluded_lines": 0, "num_branches": 0, "num_partial_branches": 0, "covered_branches": 0, "missing_branches": 0}, "missing_lines": [], "excluded_lines": [], "executed_branches": [], "missing_branches": []}, "src/slurmmail/cli.py": {"executed_lines": [26, 38, 39, 40, 41, 42, 43, 44, 45, 46, 47, 48, 49, 50, 52, 53, 54, 55, 56, 58, 59, 70, 73, 75, 79, 80, 81, 82, 83, 84, 85, 86, 87, 88, 89, 90, 91, 92, 93, 94, 97, 105, 106, 107, 108, 110, 111, 113, 115, 116, 117, 118, 121, 126, 127, 128, 129, 130, 131, 132, 134, 135, 136, 137, 138, 140, 141, 142, 143, 145, 147, 149, 150, 151, 153, 155, 167, 171, 196, 197, 200, 203, 204, 205, 206, 207, 209, 210, 211, 212, 213, 214, 216, 217, 218, 220, 222, 231, 232, 234, 237, 238, 239, 245, 247, 248, 249, 250, 251, 252, 253, 254, 255, 259, 272, 275, 278, 279, 280, 287, 288, 289, 291, 292, 294, 295, 296, 297, 302, 304, 305, 306, 307, 308, 309, 314, 315, 322, 326, 327, 328, 329, 333, 338, 339, 342, 343, 347, 348, 349, 350, 351, 353, 354, 356, 366, 370, 371, 372, 398, 399, 400, 402, 403, 404, 405, 407, 408, 416, 426, 427, 435, 436, 437, 438, 440, 442, 447, 450, 451, 453, 460, 470, 471, 473, 474, 475, 478, 490, 493, 505, 506, 527, 528, 529, 530, 531, 532, 543, 565, 568, 570, 571, 574, 575, 576, 577, 578, 579, 589, 593, 596, 605, 608, 615, 616, 618, 620, 621, 622, 624, 625, 626, 627, 628, 629, 630, 631, 632, 633, 634, 635, 636, 637, 639, 640, 642, 643, 646, 647, 648, 649, 650, 651, 653, 654, 656, 657, 659, 660, 663, 664, 665, 666, 667, 668, 669, 670, 671, 672, 673, 674, 675, 676, 677, 679, 680, 681, 684, 685, 686, 687, 690, 696, 698, 699, 700, 701, 703, 704, 709, 711, 712, 713, 714, 715, 717, 718, 719, 720, 723, 725, 728, 729, 730, 734, 738, 739, 740, 741, 745, 746, 752, 762, 763, 765, 766, 767, 768, 769, 770, 771, 772, 773, 774, 775, 777, 778, 780, 781, 782, 784, 790, 792, 795, 796, 797, 798, 799, 800, 808, 809, 810, 812, 819, 820, 821, 823, 824, 825, 826, 827, 828, 829, 830, 832, 833, 834, 835, 837, 844, 847, 848, 849, 850, 851], "summary": {"covered_lines": 355, "num_statements": 393, "percent_covered": 88.3587786259542, "percent_covered_display": "88", "missing_lines": 38, "excluded_lines": 0, "num_branches": 131, "num_partial_branches": 19, "covered_branches": 108, "missing_branches": 23}, "missing_lines": [235, 260, 262, 263, 267, 268, 273, 274, 281, 282, 320, 341, 345, 357, 364, 412, 439, 461, 518, 519, 544, 545, 546, 554, 555, 556, 566, 658, 682, 688, 691, 692, 742, 743, 747, 748, 749, 793], "excluded_lines": [], "executed_branches": [[106, 107], [106, 111], [107, 108], [107, 110], [116, 117], [116, 118], [126, -121], [126, 127], [126, 134], [134, 135], [134, 140], [135, 134], [135, 136], [147, 149], [147, 153], [155, 155], [155, 167], [155, 171], [204, 205], [204, 209], [211, 212], [211, 353], [213, 214], [213, 216], [217, 218], [217, 220], [220, 222], [220, 234], [222, 211], [222, 222], [222, 231], [222, 232], [234, 237], [238, 239], [238, 245], [259, 272], [272, 275], [278, 279], [291, 292], [291, 294], [304, 305], [304, 322], [315, 315], [315, 322], [322, 326], [322, 350], [328, 329], [328, 347], [338, 339], [342, 343], [353, 354], [353, 356], [356, 366], [366, 370], [366, 593], [403, 404], [403, 435], [404, 405], [404, 426], [407, 408], [435, 436], [435, 527], [436, 437], [438, 440], [442, 442], [442, 447], [442, 473], [460, 470], [473, 474], [473, 505], [474, 475], [474, 490], [527, 528], [565, 568], [639, 640], [639, 642], [653, 654], [653, 656], [657, 659], [679, 680], [687, 690], [690, 696], [703, 704], [703, 709], [711, -596], [711, 712], [714, 715], [714, 725], [725, 728], [725, 745], [729, 730], [729, 734], [738, 739], [738, 740], [740, 741], [740, 745], [769, 770], [769, 771], [781, 782], [781, 784], [792, 795], [799, 800], [799, 812], [808, 809], [808, 810], [819, 820], [819, 821], [826, 827], [826, 828], [829, 830], [829, 832], [848, -752], [848, 849], [848, 850]], "missing_branches": [[234, 235], [259, 260], [272, 273], [278, 287], [315, 320], [338, 341], [342, 345], [356, 357], [407, 412], [436, 518], [438, 439], [460, 461], [527, 544], [544, 545], [544, 554], [554, 555], [554, 565], [565, 566], [657, 658], [679, 684], [687, 688], [690, 691], [792, 793]]}, "src/slurmmail/common.py": {"executed_lines": [26, 30, 31, 32, 33, 34, 35, 36, 38, 41, 46, 47, 49, 50, 53, 57, 58, 61, 65, 66, 69, 73, 74, 75, 78, 82, 83, 86, 92, 93, 94, 95, 96, 97, 98, 104, 105, 106, 107, 108, 109, 110, 111, 112, 113, 114, 117, 122, 123, 124, 125, 126, 129, 133, 136, 137, 138, 139, 140, 141, 142, 143, 144, 145, 146, 147, 148, 149, 152, 157, 158, 161, 162, 165, 169, 170, 173, 174, 175, 176, 177, 178, 179, 181, 182, 183, 187, 188, 189, 190, 191], "summary": {"covered_lines": 91, "num_statements": 91, "percent_covered": 100.0, "percent_covered_display": "100", "missing_lines": 0, "excluded_lines": 0, "num_branches": 38, "num_partial_branches": 0, "covered_branches": 38, "missing_branches": 0}, "missing_lines": [], "excluded_lines": [], "executed_branches": [[46, 47], [46, 49], [49, -41], [49, 50], [57, -53], [57, 58], [82, -78], [82, 83], [92, 93], [92, 94], [105, 106], [105, 107], [107, 108], [107, 109], [109, 110], [109, 111], [111, 112], [111, 113], [122, 123], [122, 126], [123, 124], [123, 125], [137, 138], [137, 139], [141, 142], [141, 143], [145, 146], [145, 149], [147, 148], [147, 149], [158, -152], [158, 158], [158, 161], [169, 170], [169, 175], [176, 177], [176, 181], [176, 190], [182, 183], [182, 189]], "missing_branches": []}, "src/slurmmail/slurm.py": {"executed_lines": [26, 30, 31, 33, 34, 36, 39, 44, 45, 46, 47, 48, 49, 50, 51, 52, 55, 56, 61, 66, 69, 71, 75, 78, 79, 80, 81, 82, 83, 84, 85, 86, 88, 89, 90, 91, 92, 93, 94, 95, 96, 97, 98, 99, 100, 101, 102, 103, 104, 105, 106, 108, 109, 113, 114, 115, 117, 118, 119, 120, 121, 123, 124, 125, 127, 128, 129, 131, 132, 133, 134, 135, 137, 138, 139, 140, 141, 143, 144, 145, 147, 148, 149, 151, 152, 153, 154, 155, 157, 158, 159, 161, 162, 163, 164, 165, 167, 168, 169, 170, 172, 174, 175, 176, 177, 178, 180, 181, 182, 184, 185, 186, 188, 189, 190, 192, 193, 194, 195, 197, 199, 200, 201, 202, 203, 205, 206, 207, 208, 209, 211, 212, 213, 215, 216, 217, 219, 220, 221, 222, 223, 225, 226, 227, 228, 229, 230, 231, 235, 236, 238, 244, 245, 246, 247, 248, 249, 251, 252, 253, 254, 257, 262, 263, 267, 268], "summary": {"covered_lines": 164, "num_statements": 164, "percent_covered": 90.55118110236221, "percent_covered_display": "91", "missing_lines": 0, "excluded_lines": 0, "num_branches": 90, "num_partial_branches": 24, "covered_branches": 66, "missing_branches": 24}, "missing_lines": [], "excluded_lines": [], "executed_branches": [[47, 48], [47, 49], [49, 50], [49, 52], [50, 49], [50, 51], [114, 117], [118, 123], [119, 120], [119, 121], [124, 127], [128, 131], [132, 137], [133, 134], [133, 135], [138, 143], [139, 140], [139, 141], [144, 147], [148, 151], [152, 157], [153, 154], [153, 155], [158, 161], [162, 167], [163, 164], [163, 165], [168, 174], [169, 170], [169, 172], [175, 180], [176, 177], [176, 178], [181, 184], [185, 188], [189, 192], [193, 199], [194, 195], [194, 197], [200, 205], [201, 202], [201, 203], [206, 211], [207, 208], [207, 209], [212, 215], [216, 219], [220, 225], [221, 222], [221, 223], [226, 235], [227, 228], [227, 229], [229, 230], [229, 231], [244, 245], [244, 246], [246, 247], [246, 248], [248, 249], [248, 251], [251, -238], [251, 252], [253, 254], [253, 257], [257, 257], [257, 262]],