{"coverage": 94.88574537540805, "raw_data": {"meta": {"version": "7.4.0", "timestamp": "2024-01-01T21:18:36.272871", "branch_coverage": true, "show_contexts": false}, "files": {"src/slurmmail/__init__.py": {"executed_lines": [24, 28, 30, 31, 32, 35, 38, 39, 40, 41, 44, 45, 46, 47], "summary": {"covered_lines": 14, "num_statements": 14, "percent_covered": 100.0, "percent_covered_display": "100", "missing_lines": 0, "excluded_lines": 0, "num_branches": 0, "num_partial_branches": 0, "covered_branches": 0, "missing_branches": 0}, "missing_lines": [], "excluded_lines": [], "executed_branches": [], "missing_branches": []}, "src/slurmmail/cli.py": {"executed_lines": [26, 38, 39, 40, 41, 42, 43, 44, 45, 46, 47, 48, 49, 50, 52, 53, 54, 55, 56, 58, 59, 70, 73, 75, 79, 80, 81, 82, 83, 84, 85, 86, 87, 88, 89, 90, 91, 92, 93, 94, 97, 105, 106, 107, 108, 110, 111, 113, 115, 116, 117, 118, 121, 126, 127, 128, 129, 130, 131, 132, 134, 135, 136, 137, 138, 140, 141, 142, 143, 145, 147, 149, 150, 151, 153, 155, 167, 171, 197, 198, 201, 204, 205, 206, 207, 208, 210, 211, 212, 213, 214, 215, 217, 218, 219, 221, 223, 232, 233, 235, 238, 239, 240, 246, 248, 249, 250, 251, 252, 253, 254, 255, 256, 257, 261, 262, 264, 265, 274, 275, 276, 277, 280, 281, 282, 289, 290, 291, 293, 294, 296, 297, 298, 299, 304, 306, 307, 308, 309, 310, 311, 316, 317, 324, 328, 329, 330, 331, 335, 340, 341, 344, 345, 349, 350, 351, 352, 353, 355, 356, 358, 359, 366, 368, 372, 373, 374, 400, 401, 402, 404, 405, 406, 407, 409, 410, 418, 428, 429, 437, 438, 439, 440, 442, 444, 449, 452, 453, 455, 462, 472, 473, 475, 476, 477, 480, 492, 495, 507, 508, 529, 530, 531, 532, 533, 534, 545, 546, 547, 548, 567, 570, 572, 573, 576, 577, 578, 579, 580, 581, 591, 595, 598, 607, 610, 617, 618, 620, 622, 623, 624, 626, 627, 628, 629, 630, 631, 632, 633, 634, 635, 636, 637, 638, 639, 641, 642, 644, 645, 648, 649, 650, 651, 652, 653, 655, 656, 658, 659, 661, 662, 665, 666, 667, 668, 669, 670, 671, 672, 673, 674, 675, 676, 677, 678, 679, 681, 682, 683, 686, 687, 688, 689, 692, 698, 700, 701, 702, 703, 705, 706, 711, 713, 714, 715, 716, 717, 719, 720, 721, 722, 725, 727, 730, 731, 732, 736, 740, 741, 742, 743, 747, 748, 754, 764, 765, 767, 768, 769, 770, 771, 772, 773, 774, 775, 776, 777, 779, 780, 782, 783, 784, 786, 792, 794, 797, 798, 799, 800, 801, 802, 810, 811, 812, 814, 821, 822, 823, 825, 826, 827, 828, 829, 830, 831, 832, 834, 835, 836, 837, 839, 846, 849, 850, 851, 852, 853], "summary": {"covered_lines": 366, "num_statements": 394, "percent_covered": 91.23809523809524, "percent_covered_display": "91", "missing_lines": 28, "excluded_lines": 0, "num_branches": 131, "num_partial_branches": 16, "covered_branches": 113, "missing_branches": 18}, "missing_lines": [236, 269, 270, 283, 284, 322, 343, 347, 414, 441, 463, 520, 521, 556, 557, 558, 568, 660, 684, 690, 693, 694, 744, 745, 749, 750, 751, 795], "excluded_lines": [], "executed_branches": [[106, 107], [106, 111], [107, 108], [107, 110], [116, 117], [116, 118], [126, -121], [126, 127], [126, 134], [134, 135], [134, 140], [135, 134], [135, 136], [147, 149], [147, 153], [155, 155], [155, 167], [155, 171], [205, 206], [205, 210], [212, 213], [212, 355], [214, 215], [214, 217], [218, 219], [218, 221], [221, 223], [221, 235], [223, 212], [223, 223], [223, 232], [223, 233], [235, 238], [239, 240], [239, 246], [261, 262], [261, 274], [274, 275], [274, 277], [280, 281], [293, 294], [293, 296], [306, 307], [306, 324], [317, 317], [317, 324], [324, 328], [324, 352], [330, 331], [330, 349], [340, 341], [344, 345], [355, 356], [355, 358], [358, 359], [358, 368], [368, 372], [368, 595], [405, 406], [405, 437], [406, 407], [406, 428], [409, 410], [437, 438], [437, 529], [438, 439], [440, 442], [444, 444], [444, 449], [444, 475], [462, 472], [475, 476], [475, 507], [476, 477], [476, 492], [529, 530], [529, 546], [546, 547], [567, 570], [641, 642], [641, 644], [655, 656], [655, 658], [659, 661], [681, 682], [689, 692], [692, 698], [705, 706], [705, 711], [713, -598], [713, 714], [716, 717], [716, 727], [727, 730], [727, 747], [731, 732], [731, 736], [740, 741], [740, 742], [742, 743], [742, 747], [771, 772], [771, 773], [783, 784], [783, 786], [794, 797], [801, 802], [801, 814], [810, 811], [810, 812], [821, 822], [821, 823], [828, 829], [828, 830], [831, 832], [831, 834], [850, -754], [850, 851], [850, 852]], "missing_branches": [[235, 236], [280, 289], [317, 322], [340, 343], [344, 347], [409, 414], [438, 520], [440, 441], [462, 463], [546, 556], [556, 557], [556, 567], [567, 568], [659, 660], [681, 686], [689, 690], [692, 693], [794, 795]]}, "src/slurmmail/common.py": {"executed_lines": [26, 30, 31, 32, 33, 34, 35, 36, 38, 41, 46, 47, 49, 50, 53, 57, 58, 61, 65, 66, 69, 73, 74, 75, 78, 82, 83, 86, 92, 93, 94, 95, 96, 97, 98, 104, 105, 106, 107, 108, 109, 110, 111, 112, 113, 114, 117, 122, 123, 124, 125, 126, 129, 133, 136, 137, 138, 139, 140, 141, 142, 143, 144, 145, 146, 147, 148, 149, 152, 157, 158, 161, 162, 165, 169, 170, 173, 174, 175, 176, 177, 178, 179, 181, 182, 183, 187, 188, 189, 190, 191], "summary": {"covered_lines": 91, "num_statements": 91, "percent_covered": 100.0, "percent_covered_display": "100", "missing_lines": 0, "excluded_lines": 0, "num_branches": 38, "num_partial_branches": 0, "covered_branches": 38, "missing_branches": 0}, "missing_lines": [], "excluded_lines": [], "executed_branches": [[46, 47], [46, 49], [49, -41], [49, 50], [57, -53], [57, 58], [82, -78], [82, 83], [92, 93], [92, 94], [105, 106], [105, 107], [107, 108], [107, 109], [109, 110], [109, 111], [111, 112], [111, 113], [122, 123], [122, 126], [123, 124], [123, 125], [137, 138], [137, 139], [141, 142], [141, 143], [145, 146], [145, 149], [147, 148], [147, 149], [158, -152], [158, 158], [158, 161], [169, 170], [169, 175], [176, 177], [176, 181], [176, 190], [182, 183], [182, 189]], "missing_branches": []}, "src/slurmmail/slurm.py": {"executed_lines": [26, 30, 31, 33, 34, 36, 39, 44, 45, 46, 47, 48, 49, 50, 51, 52, 55, 56, 61, 66, 69, 71, 75, 78, 79, 80, 81, 82, 83, 84, 85, 86, 88, 89, 90, 91, 92, 93, 94, 95, 96, 97, 98, 99, 100, 101, 102, 103, 104, 105, 106, 107, 109, 110, 114, 115, 116, 118, 119, 120, 121, 122, 124, 125, 126, 128, 129, 130, 132, 133, 134, 140, 141, 142, 143, 144, 146, 147, 148, 150, 151, 152, 154, 155, 156, 157, 158, 160, 161, 162, 164, 165, 166, 167, 168, 170, 171, 172, 173, 175, 177, 178, 179, 180, 181, 183, 184, 185, 187, 188, 189, 191, 192, 193, 195, 196, 197, 198, 200, 202, 203, 204, 205, 206, 208, 209, 210, 211, 212, 214, 215, 216, 218, 219, 220, 222, 223, 224, 225, 226, 228, 229, 230, 231, 232, 233, 234, 238, 239, 241, 247, 248, 249, 250, 251, 252, 254, 255, 256, 257, 260, 265, 266, 270, 271], "summary": {"covered_lines": 163, "num_statements": 163, "percent_covered": 99.60159362549801, "percent_covered_display": "99", "missing_lines": 0, "excluded_lines": 0, "num_branches": 88, "num_partial_branches": 1, "covered_branches": 87, "missing_branches": 1}, "missing_lines": [], "excluded_lines": [],