{"coverage": 94.97907949790795, "raw_data": {"meta": {"version": "7.4.0", "timestamp": "2024-01-23T20:20:55.896670", "branch_coverage": true, "show_contexts": false}, "files": {"src/slurmmail/__init__.py": {"executed_lines": [24, 28, 30, 31, 32, 33, 34, 37, 40, 41, 42, 43, 46, 47, 48, 49], "summary": {"covered_lines": 16, "num_statements": 16, "percent_covered": 100.0, "percent_covered_display": "100", "missing_lines": 0, "excluded_lines": 0, "num_branches": 0, "num_partial_branches": 0, "covered_branches": 0, "missing_branches": 0}, "missing_lines": [], "excluded_lines": [], "executed_branches": [], "missing_branches": []}, "src/slurmmail/cli.py": {"executed_lines": [26, 38, 39, 40, 41, 42, 43, 44, 45, 46, 47, 48, 49, 50, 52, 53, 54, 55, 56, 58, 59, 70, 73, 75, 79, 80, 81, 82, 83, 84, 85, 86, 87, 88, 89, 90, 91, 92, 93, 94, 95, 98, 106, 107, 108, 109, 111, 112, 114, 116, 117, 118, 119, 122, 127, 128, 129, 130, 131, 132, 133, 135, 136, 137, 138, 139, 141, 142, 143, 144, 146, 148, 150, 151, 152, 154, 156, 168, 172, 198, 199, 202, 205, 206, 207, 208, 209, 211, 212, 213, 214, 215, 216, 218, 219, 220, 222, 224, 233, 234, 236, 238, 239, 240, 241, 243, 247, 248, 254, 256, 257, 258, 259, 260, 261, 262, 263, 264, 265, 269, 270, 272, 273, 282, 283, 284, 285, 288, 289, 290, 297, 298, 299, 301, 302, 304, 305, 306, 307, 312, 314, 315, 316, 317, 318, 319, 324, 325, 332, 336, 337, 338, 339, 343, 348, 349, 352, 353, 357, 358, 359, 360, 361, 363, 364, 366, 376, 380, 381, 382, 408, 409, 435, 436, 437, 438, 439, 441, 442, 444, 445, 446, 447, 449, 450, 453, 464, 474, 483, 484, 492, 493, 500, 501, 502, 503, 505, 506, 508, 513, 514, 517, 518, 520, 524, 529, 535, 545, 546, 548, 549, 550, 553, 564, 567, 578, 581, 592, 595, 606, 607, 617, 618, 646, 647, 648, 649, 650, 651, 661, 662, 672, 673, 674, 675, 683, 684, 710, 713, 715, 716, 719, 720, 721, 722, 723, 724, 725, 735, 739, 742, 751, 754, 761, 762, 764, 766, 767, 768, 769, 771, 772, 773, 774, 775, 776, 777, 778, 779, 780, 781, 782, 783, 784, 786, 787, 788, 789, 790, 791, 792, 793, 794, 795, 796, 797, 798, 799, 801, 802, 804, 805, 807, 808, 811, 812, 813, 814, 815, 816, 818, 819, 821, 822, 824, 825, 828, 829, 830, 831, 832, 833, 834, 835, 836, 837, 838, 839, 840, 841, 842, 844, 845, 846, 849, 850, 851, 852, 855, 861, 863, 864, 865, 866, 868, 869, 874, 876, 877, 878, 879, 880, 882, 883, 884, 885, 888, 890, 893, 894, 895, 899, 903, 904, 905, 906, 910, 911, 917, 927, 928, 930, 931, 932, 933, 934, 935, 936, 937, 938, 939, 940, 942, 943, 945, 946, 947, 949, 955, 957, 960, 961, 962, 963, 964, 965, 973, 974, 975, 977, 984, 985, 986, 988, 989, 990, 991, 992, 993, 994, 995, 997, 998, 999, 1000, 1002, 1009, 1012, 1013, 1014, 1015, 1016], "summary": {"covered_lines": 411, "num_statements": 447, "percent_covered": 90.54982817869416, "percent_covered_display": "91", "missing_lines": 36, "excluded_lines": 0, "num_branches": 135, "num_partial_branches": 17, "covered_branches": 116, "missing_branches": 19}, "missing_lines": [244, 245, 277, 278, 291, 292, 330, 351, 355, 367, 374, 457, 460, 504, 536, 629, 630, 638, 639, 691, 692, 693, 701, 702, 711, 823, 847, 853, 856, 857, 907, 908, 912, 913, 914, 958], "excluded_lines": [], "executed_branches": [[107, 108], [107, 112], [108, 109], [108, 111], [117, 118], [117, 119], [127, -122], [127, 128], [127, 135], [135, 136], [135, 141], [136, 135], [136, 137], [148, 150], [148, 154], [156, 156], [156, 168], [156, 172], [206, 207], [206, 211], [213, 214], [213, 363], [215, 216], [215, 218], [219, 220], [219, 222], [222, 224], [222, 236], [224, 213], [224, 224], [224, 233], [224, 234], [238, 239], [238, 243], [243, 247], [247, 248], [247, 254], [269, 270], [269, 282], [282, 283], [282, 285], [288, 289], [301, 302], [301, 304], [314, 315], [314, 332], [325, 325], [325, 332], [332, 336], [332, 360], [338, 339], [338, 357], [348, 349], [352, 353], [363, 364], [363, 366], [366, 376], [376, 380], [376, 739], [444, 445], [444, 500], [445, 446], [445, 483], [449, 450], [500, 501], [500, 646], [501, 502], [503, 505], [508, 508], [508, 513], [508, 548], [535, 545], [548, 549], [548, 606], [549, 550], [549, 578], [646, 647], [646, 673], [673, 674], [710, 713], [801, 802], [801, 804], [804, 805], [804, 807], [818, 819], [818, 821], [822, 824], [844, 845], [852, 855], [855, 861], [868, 869], [868, 874], [876, -742], [876, 877], [879, 880], [879, 890], [890, 893], [890, 910], [894, 895], [894, 899], [903, 904], [903, 905], [905, 906], [905, 910], [934, 935], [934, 936], [946, 947], [946, 949], [957, 960], [964, 965], [964, 977], [973, 974], [973, 975], [984, 985], [984, 986], [991, 992], [991, 993], [994, 995], [994, 997], [1013, -917], [1013, 1014], [1013, 1015]], "missing_branches": [[243, 244], [288, 297], [325, 330], [348, 351], [352, 355], [366, 367], [449, 457], [501, 629], [503, 504], [535, 536], [673, 691], [691, 692], [691, 710], [710, 711], [822, 823], [844, 849], [852, 853], [855, 856], [957, 958]]}, "src/slurmmail/common.py": {"executed_lines": [26, 30, 31, 32, 33, 34, 35, 36, 38, 41, 46, 47, 49, 50, 53, 57, 58, 61, 65, 66, 69, 73, 74, 75, 78, 82, 83, 86, 92, 93, 94, 95, 96, 97, 98, 104, 105, 106, 107, 108, 109, 110, 111, 112, 113, 114, 117, 122, 123, 124, 125, 126, 129, 133, 136, 137, 138, 139, 140, 141, 142, 143, 144, 145, 146, 147, 148, 149, 152, 157, 158, 161, 162, 165, 169, 170, 173, 174, 175, 176, 177, 178, 179, 181, 182, 183, 187, 188, 189, 190, 191], "summary": {"covered_lines": 91, "num_statements": 91, "percent_covered": 100.0, "percent_covered_display": "100", "missing_lines": 0, "excluded_lines": 0, "num_branches": 38, "num_partial_branches": 0, "covered_branches": 38, "missing_branches": 0}, "missing_lines": [], "excluded_lines": [], "executed_branches": [[46, 47], [46, 49], [49, -41], [49, 50], [57, -53], [57, 58], [82, -78], [82, 83], [92, 93], [92, 94], [105, 106], [105, 107], [107, 108], [107, 109], [109, 110], [109, 111], [111, 112], [111, 113], [122, 123], [122, 126], [123, 124], [123, 125], [137, 138], [137, 139], [141, 142], [141, 143], [145, 146], [145, 149], [147, 148], [147, 149], [158, -152], [158, 158], [158, 161], [169, 170], [169, 175], [176, 177], [176, 181], [176, 190], [182, 183], [182, 189]], "missing_branches": []}, "src/slurmmail/slurm.py": {"executed_lines": [26, 30, 31, 33, 34, 36, 39, 44, 45, 46, 47, 48, 49, 50, 51, 52, 55, 56, 61, 66, 69, 71, 75, 78, 79, 80, 81, 82, 83, 84, 85, 86, 88, 89, 90, 91, 92, 93, 94, 95, 96, 97, 98, 99, 100, 101, 102, 103, 104, 105, 106, 107, 109, 110, 114, 115, 116, 118, 119, 120, 121, 122, 124, 125, 126, 128, 129, 130, 132, 133, 134, 140, 141, 142, 143, 144, 146, 147, 148, 150, 151, 152, 154, 155, 156, 157, 158, 160, 161, 162, 164, 165, 166, 167, 168, 170, 171, 172, 173, 175, 177, 178, 179, 180, 181, 183, 184, 185, 187, 188, 189, 191, 192, 193, 195, 196, 197, 198, 200, 202, 203, 204, 205, 206, 208, 209, 210, 211, 212, 214, 215, 216, 218, 219, 220, 222, 223, 224, 225, 226, 228, 229, 230, 231, 232, 233, 234, 238, 239, 241, 247, 248, 249, 250, 251, 252, 254, 255, 256, 257, 260, 265, 266, 270, 271], "summary": {"covered_lines": 163, "num_statements": 163, "percent_covered": 99.60159362549801, "percent_covered_display": "99", "missing_lines": 0, "excluded_lines": 0, "num_branches": 88, "num_partial_branches": 1, "covered_branches": 87, "missing_branches": 1}, "missing_lines": [], "excluded_lines": [],