{"coverage": 95.30386740331491, "raw_data": {"meta": {"format": 2, "version": "7.4.1", "timestamp": "2024-02-02T22:13:23.262846", "branch_coverage": true, "show_contexts": false}, "files": {"src/slurmmail/__init__.py": {"executed_lines": [24, 28, 30, 31, 32, 33, 34, 37, 40, 41, 42, 43, 46, 47, 48, 49], "summary": {"covered_lines": 16, "num_statements": 16, "percent_covered": 100.0, "percent_covered_display": "100", "missing_lines": 0, "excluded_lines": 0, "num_branches": 0, "num_partial_branches": 0, "covered_branches": 0, "missing_branches": 0}, "missing_lines": [], "excluded_lines": [], "executed_branches": [], "missing_branches": []}, "src/slurmmail/cli.py": {"executed_lines": [26, 38, 39, 40, 41, 42, 43, 44, 45, 46, 47, 48, 49, 50, 52, 53, 54, 55, 56, 58, 59, 70, 73, 75, 79, 80, 81, 82, 83, 84, 85, 86, 87, 88, 89, 90, 91, 92, 93, 94, 95, 96, 99, 107, 108, 109, 110, 112, 113, 115, 117, 118, 119, 120, 123, 128, 129, 130, 131, 132, 133, 134, 136, 137, 138, 139, 140, 142, 143, 144, 145, 147, 149, 151, 152, 153, 155, 157, 169, 173, 199, 200, 203, 206, 207, 208, 209, 210, 212, 213, 214, 215, 216, 217, 219, 220, 221, 223, 225, 234, 235, 237, 239, 240, 241, 242, 244, 248, 249, 255, 257, 258, 259, 260, 261, 262, 263, 264, 265, 266, 270, 271, 273, 274, 283, 284, 285, 286, 289, 290, 291, 298, 299, 300, 302, 303, 305, 306, 307, 308, 313, 315, 316, 317, 318, 319, 320, 325, 326, 333, 337, 338, 339, 340, 344, 349, 350, 352, 353, 354, 356, 358, 359, 360, 361, 362, 364, 365, 367, 377, 381, 382, 383, 409, 410, 436, 437, 438, 439, 440, 442, 443, 445, 446, 447, 448, 450, 451, 454, 465, 475, 484, 485, 493, 494, 501, 502, 503, 504, 506, 507, 509, 514, 515, 518, 519, 521, 525, 530, 536, 546, 547, 549, 550, 551, 554, 565, 568, 579, 582, 593, 596, 607, 608, 618, 619, 647, 648, 649, 650, 651, 652, 662, 663, 673, 674, 675, 676, 684, 685, 711, 714, 716, 717, 720, 721, 722, 723, 724, 725, 726, 736, 737, 740, 746, 747, 751, 753, 756, 765, 768, 775, 776, 778, 780, 781, 782, 783, 785, 786, 787, 788, 789, 790, 791, 792, 793, 794, 795, 796, 797, 798, 800, 801, 802, 803, 804, 805, 806, 807, 808, 809, 810, 811, 812, 813, 815, 816, 818, 819, 821, 822, 825, 826, 827, 828, 829, 830, 832, 833, 835, 836, 838, 839, 842, 843, 844, 845, 846, 847, 848, 849, 850, 851, 852, 853, 854, 855, 856, 857, 859, 860, 861, 864, 865, 866, 867, 870, 876, 878, 879, 880, 881, 883, 884, 889, 891, 892, 893, 894, 895, 897, 898, 899, 900, 903, 905, 908, 909, 910, 914, 918, 919, 920, 921, 925, 926, 932, 942, 943, 945, 946, 947, 948, 949, 950, 951, 952, 953, 954, 955, 957, 958, 960, 961, 962, 964, 970, 972, 975, 976, 977, 978, 979, 980, 988, 989, 990, 992, 999, 1000, 1001, 1003, 1004, 1005, 1006, 1007, 1008, 1009, 1010, 1012, 1013, 1014, 1015, 1017, 1024, 1027, 1028, 1029, 1030, 1031], "summary": {"covered_lines": 420, "num_statements": 454, "percent_covered": 91.37055837563452, "percent_covered_display": "91", "missing_lines": 34, "excluded_lines": 0, "num_branches": 137, "num_partial_branches": 15, "covered_branches": 120, "missing_branches": 17}, "missing_lines": [245, 246, 278, 279, 292, 293, 331, 368, 375, 458, 461, 505, 537, 630, 631, 639, 640, 692, 693, 694, 702, 703, 712, 837, 862, 868, 871, 872, 922, 923, 927, 928, 929, 973], "excluded_lines": [], "executed_branches": [[108, 109], [108, 113], [109, 110], [109, 112], [118, 119], [118, 120], [128, -123], [128, 129], [128, 136], [136, 137], [136, 142], [137, 136], [137, 138], [149, 151], [149, 155], [157, 157], [157, 169], [157, 173], [207, 208], [207, 212], [214, 215], [214, 364], [216, 217], [216, 219], [220, 221], [220, 223], [223, 225], [223, 237], [225, 214], [225, 225], [225, 234], [225, 235], [239, 240], [239, 244], [244, 248], [248, 249], [248, 255], [270, 271], [270, 283], [283, 284], [283, 286], [289, 290], [302, 303], [302, 305], [315, 316], [315, 333], [326, 326], [326, 333], [333, 337], [333, 361], [339, 340], [339, 358], [349, 350], [349, 352], [353, 354], [353, 356], [364, 365], [364, 367], [367, 377], [377, 381], [377, 753], [445, 446], [445, 501], [446, 447], [446, 484], [450, 451], [501, 502], [501, 647], [502, 503], [504, 506], [509, 509], [509, 514], [509, 549], [536, 546], [549, 550], [549, 607], [550, 551], [550, 579], [647, 648], [647, 674], [674, 675], [711, 714], [747, 377], [747, 751], [815, 816], [815, 818], [818, 819], [818, 821], [832, 833], [832, 835], [836, 838], [859, 860], [867, 870], [870, 876], [883, 884], [883, 889], [891, -756], [891, 892], [894, 895], [894, 905], [905, 908], [905, 925], [909, 910], [909, 914], [918, 919], [918, 920], [920, 921], [920, 925], [949, 950], [949, 951], [961, 962], [961, 964], [972, 975], [979, 980], [979, 992], [988, 989], [988, 990], [999, 1000], [999, 1001], [1006, 1007], [1006, 1008], [1009, 1010], [1009, 1012], [1028, -932], [1028, 1029], [1028, 1030]], "missing_branches": [[244, 245], [289, 298], [326, 331], [367, 368], [450, 458], [502, 630], [504, 505], [536, 537], [674, 692], [692, 693], [692, 711], [711, 712], [836, 837], [859, 864], [867, 868], [870, 871], [972, 973]]}, "src/slurmmail/common.py": {"executed_lines": [26, 30, 31, 32, 33, 34, 35, 36, 38, 41, 46, 47, 49, 50, 53, 57, 58, 61, 65, 66, 69, 73, 74, 75, 78, 82, 83, 86, 92, 93, 94, 95, 96, 97, 98, 104, 105, 106, 107, 108, 109, 110, 111, 112, 113, 114, 117, 122, 123, 124, 125, 126, 129, 133, 136, 137, 138, 139, 140, 141, 142, 143, 144, 145, 146, 147, 148, 149, 152, 157, 158, 161, 162, 165, 169, 170, 173, 174, 175, 176, 177, 178, 179, 181, 182, 183, 187, 188, 189, 190, 191], "summary": {"covered_lines": 91, "num_statements": 91, "percent_covered": 100.0, "percent_covered_display": "100", "missing_lines": 0, "excluded_lines": 0, "num_branches": 38, "num_partial_branches": 0, "covered_branches": 38, "missing_branches": 0}, "missing_lines": [], "excluded_lines": [], "executed_branches": [[46, 47], [46, 49], [49, -41], [49, 50], [57, -53], [57, 58], [82, -78], [82, 83], [92, 93], [92, 94], [105, 106], [105, 107], [107, 108], [107, 109], [109, 110], [109, 111], [111, 112], [111, 113], [122, 123], [122, 126], [123, 124], [123, 125], [137, 138], [137, 139], [141, 142], [141, 143], [145, 146], [145, 149], [147, 148], [147, 149], [158, -152], [158, 158], [158, 161], [169, 170], [169, 175], [176, 177], [176, 181], [176, 190], [182, 183], [182, 189]], "missing_branches": []}, "src/slurmmail/slurm.py": {"executed_lines": [26, 30, 31, 33, 34, 36, 39, 44, 45, 46, 47, 48, 49, 50, 51, 52, 55, 56, 61, 66, 69, 71, 75, 78, 79, 80, 81, 82, 83, 84, 85, 86, 88, 89, 90, 91, 92, 93, 94, 95, 96, 97, 98, 99, 100, 101, 102, 103, 104, 105, 106, 107, 109, 110, 114, 115, 116, 118, 119, 120, 121, 122, 124, 125, 126, 128, 129, 130, 132, 133, 134, 140, 141, 142, 143, 144, 146, 147, 148, 150, 151, 152, 154, 155, 156, 157, 158, 160, 161, 162, 164, 165, 166, 167, 168, 170, 171, 172, 173, 175, 177, 178, 179, 180, 181, 183, 184, 185, 187, 188, 189, 191, 192, 193, 195, 196, 197, 198, 200, 202, 203, 204, 205, 206, 208, 209, 210, 211, 212, 214, 215, 216, 218, 219, 220, 222, 223, 224, 225, 226, 228, 229, 230, 231, 232, 233, 234, 238, 239, 241, 247, 248, 249, 250, 251, 252, 254, 255, 256, 257, 260, 265, 266, 270, 271], "summary": {"covered_lines": 163, "num_statements": 163, "percent_covered": 99.60159362549801, "percent_covered_display": "99", "missing_lines": 0, "excluded_lines": 0, "num_branches": 88, "num_partial_branches": 1, "covered_branches": 87, "missing_branches": 1}, "missing_lines": [], "excluded_lines": [],